Benchmark,Path
1,$TEST_DIR/bvisalpha-16/test000013.smt2
2,$TEST_DIR/bvisalpha-16/test000030.smt2
3,$TEST_DIR/bvisalpha-16/test000031.smt2
4,$TEST_DIR/bvisalpha-16/test000032.smt2
5,$TEST_DIR/bvisalpha-16/test000033.smt2
6,$TEST_DIR/bvisalpha-16/test000034.smt2
7,$TEST_DIR/bvisalpha-16/test000035.smt2
8,$TEST_DIR/bvisalpha-16/test000036.smt2
9,$TEST_DIR/bvisalpha-16/test000037.smt2
10,$TEST_DIR/bvisalpha-16/test000038.smt2
11,$TEST_DIR/bvisalpha-16/test000039.smt2
12,$TEST_DIR/bvisalpha-32/test000013.smt2
13,$TEST_DIR/bvisalpha-32/test000030.smt2
14,$TEST_DIR/bvisalpha-32/test000031.smt2
15,$TEST_DIR/bvisalpha-32/test000032.smt2
16,$TEST_DIR/bvisalpha-32/test000033.smt2
17,$TEST_DIR/bvisalpha-32/test000034.smt2
18,$TEST_DIR/bvisalpha-32/test000035.smt2
19,$TEST_DIR/bvisalpha-32/test000036.smt2
20,$TEST_DIR/bvisalpha-32/test000037.smt2
21,$TEST_DIR/bvisalpha-32/test000038.smt2
22,$TEST_DIR/bvisalpha-32/test000039.smt2
23,$TEST_DIR/bvisalpha-64/test000013.smt2
24,$TEST_DIR/bvisalpha-64/test000030.smt2
25,$TEST_DIR/bvisalpha-64/test000031.smt2
26,$TEST_DIR/bvisalpha-64/test000033.smt2
27,$TEST_DIR/bvisalpha-64/test000034.smt2
28,$TEST_DIR/bvisalpha-64/test000035.smt2
29,$TEST_DIR/bvisxdigit-16/test1.smt2
30,$TEST_DIR/bvisxdigit-16/test2.smt2
31,$TEST_DIR/bvisxdigit-16/test3.smt2
32,$TEST_DIR/bvisxdigit-16/test4.smt2
33,$TEST_DIR/bvisxdigit-16/test6.smt2
34,$TEST_DIR/bvisxdigit-32/test1.smt2
35,$TEST_DIR/bvisxdigit-32/test2.smt2
36,$TEST_DIR/bvisxdigit-32/test3.smt2
37,$TEST_DIR/bvisxdigit-32/test4.smt2
38,$TEST_DIR/bvisxdigit-32/test6.smt2
39,$TEST_DIR/bvisxdigit-64/test1.smt2
40,$TEST_DIR/bvisxdigit-64/test2.smt2
41,$TEST_DIR/bvisxdigit-64/test3.smt2
42,$TEST_DIR/bvisxdigit-64/test4.smt2
43,$TEST_DIR/bvisxdigit-64/test6.smt2
44,$TEST_DIR/iabs/iabs.8.smt2
45,$TEST_DIR/jpf-PowExample/test000001.smt2
46,$TEST_DIR/jpf-PowExample/test000002.smt2
47,$TEST_DIR/jpf-PowExample/test000003.smt2
48,$TEST_DIR/jpf-PowExample/test000004.smt2
49,$TEST_DIR/jpf-PowExample/test000005.smt2
50,$TEST_DIR/mot-example/test4.smt2
51,$TEST_DIR/nia-64/qf_AddSub_1295_values_0.smt2
52,$TEST_DIR/nia-64/z3.683620.smt2
53,$TEST_DIR/nia/qf_AddSub_1295_values_0.smt2
54,$TEST_DIR/nia/z3.683620.smt2
55,$TEST_DIR/np2-mod-1/np2_mod_1.16.smt2
56,$TEST_DIR/np2-mod-1/np2_mod_1.smt2
57,$TEST_DIR/realtime-xi/realtime_xi_muldiv_v1_16.smt2
58,$TEST_DIR/realtime-xi/realtime_xi_muldiv_v1_8.smt2
59,$TEST_DIR/realtime-xi/realtime_xi_muldiv_v1_32.smt2
60,$TEST_DIR/str-int-models-16/test1.smt2
61,$TEST_DIR/str-int-models-16/test2.smt2
62,$TEST_DIR/str-int-models-16/test3.smt2
63,$TEST_DIR/str-int-models-16/test4.smt2
64,$TEST_DIR/str-int-models-32/test1.smt2
65,$TEST_DIR/str-int-models-32/test2.smt2
66,$TEST_DIR/str-int-models-32/test3.smt2
67,$TEST_DIR/str-int-models-32/test4.smt2
68,$TEST_DIR/str-int-models-64/test1.smt2
69,$TEST_DIR/str-int-models-64/test2.smt2
70,$TEST_DIR/str-int-models-64/test3.smt2
71,$TEST_DIR/str-int-models-8/test1.smt2
72,$TEST_DIR/str-int-models-8/test2.smt2
73,$TEST_DIR/str-int-models-8/test3.smt2
74,$TEST_DIR/str-int-models-8/test4.smt2
75,$TEST_DIR/strcmp-models-64/test1.smt2
76,$TEST_DIR/strcmp-models-64/test2.smt2
77,$TEST_DIR/strcmp-models/test1.smt2
78,$TEST_DIR/strcmp-models/test2.smt2
79,$TEST_DIR/sygus-examples-64/LinExpr1_eq1ex.derived.smt2
80,$TEST_DIR/sygus-examples-64/array_sum_4_5.smt2
81,$TEST_DIR/sygus-examples-64/jmbl_fg_VC22_a.modified.smt2
82,$TEST_DIR/sygus-examples/LinExpr1_eq1ex.derived.smt2
83,$TEST_DIR/sygus-examples/array_sum_4_5.smt2
84,$TEST_DIR/tolower-16/test000001.smt2
85,$TEST_DIR/tolower-16/test000002.smt2
86,$TEST_DIR/tolower-16/test000031.smt2
87,$TEST_DIR/tolower-32/test000001.smt2
88,$TEST_DIR/tolower-32/test000002.smt2
89,$TEST_DIR/tolower-32/test000031.smt2
90,$TEST_DIR/tolower-64/test000001.smt2
91,$TEST_DIR/tolower-64/test000002.smt2
92,$TEST_DIR/tolower-64/test000031.smt2
93,$TEST_DIR/tolower/test000001.smt2
94,$TEST_DIR/tolower/test000002.smt2
95,$TEST_DIR/tolower/test000031.smt2
96,$TEST_DIR/delphi-benchmarks/example7.oracle.smt2
97,$TEST_DIR/delphi-benchmarks/example8.oracle.smt2
98,$TEST_DIR/delphi-benchmarks/example9.oracle.smt2
99,$TEST_DIR/delphi-benchmarks/example10.oracle.smt2
100,$TEST_DIR/delphi-benchmarks/prime.oracle.smt2
101,$TEST_DIR/delphi-benchmarks/question1b.oracle.smt2
102,$TEST_DIR/delphi-benchmarks/question1d.oracle.smt2
103,$TEST_DIR/delphi-benchmarks/question1f.oracle.smt2
104,$TEST_DIR/delphi-benchmarks/question1h.oracle.smt2
105,$TEST_DIR/delphi-benchmarks/question1j.oracle.smt2
106,$TEST_DIR/delphi-benchmarks/question1l.oracle.smt2
107,$TEST_DIR/delphi-benchmarks/question1m.oracle.smt2